<?xml version="1.0" encoding="UTF-8"?>
<project-private xmlns="http://www.netbeans.org/ns/project-private/1">
    <editor-bookmarks xmlns="http://www.netbeans.org/ns/editor-bookmarks/2" lastBookmarkId="0"/>
    <open-files xmlns="http://www.netbeans.org/ns/projectui-open-files/2">
        <group>
            <file>file:/C:/Users/M.S.I/Documents/NetBeansProjects/Responsi%20PBO/src/View/ViewEdit.java</file>
            <file>file:/C:/Users/M.S.I/Documents/NetBeansProjects/Responsi%20PBO/src/View/ViewData.java</file>
            <file>file:/C:/Users/M.S.I/Documents/NetBeansProjects/Responsi%20PBO/src/View/ViewHome.java</file>
            <file>file:/C:/Users/M.S.I/Documents/NetBeansProjects/Responsi%20PBO/src/Main/Main.java</file>
            <file>file:/C:/Users/M.S.I/Documents/NetBeansProjects/Responsi%20PBO/src/Controller/Controller.java</file>
            <file>file:/C:/Users/M.S.I/Documents/NetBeansProjects/Responsi%20PBO/src/View/ViewAbout.java</file>
            <file>file:/C:/Users/M.S.I/Documents/NetBeansProjects/Responsi%20PBO/src/View/ViewPinjam.java</file>
        </group>
    </open-files>
</project-private>
